﻿pos_x,pos_y,rotation,side,designator,mpn,pack,footprint,value,mount_type
65.73,-47.325001,0.0,top,C1,,,C_0402_1005Metric,10u,smt
147.57,-58.09,180.0,bottom,C10,,,C_0805_2012Metric,10u,smt
147.57,-60.1,180.0,bottom,C11,,,C_0805_2012Metric,10u,smt
147.57,-62.1,180.0,bottom,C12,,,C_0805_2012Metric,10u,smt
147.57,-64.09,180.0,bottom,C13,,,C_0805_2012Metric,10u,smt
74.21,-68.06,0.0,top,C2,,,C_0402_1005Metric,100n,smt
89.46,-53.06,0.0,top,C3,,,C_0805_2012Metric,10u,smt
101.335,-43.279,0.0,top,C4,,,C_0402_1005Metric,100n,smt
147.57,-55.86,180.0,bottom,C5,,,C_0402_1005Metric,100n,smt
158.97,-58.02,0.0,bottom,C6,,,C_0805_2012Metric,10u,smt
158.97,-55.01,0.0,bottom,C7,,,C_0805_2012Metric,10u,smt
158.95,-64.45,0.0,bottom,C8,,,C_0402_1005Metric,100n,smt
147.57,-54.35,180.0,bottom,C9,,,C_0402_1005Metric,4.7nF,smt
93.2,-42.48,0.0,top,D1,,,LED_0603_1608Metric,LED Green,smt
93.24,-44.38,0.0,top,D2,,,LED_0603_1608Metric,LED Red,smt
147.465,-65.93,0.0,bottom,D3,,,LED_0603_1608Metric,LED Green,smt
54.36,-47.095001,-90.0,top,J1,,,USB_C_Receptacle_GCT_USB4105-xx-A_16P_TopMnt_Horizontal,USB_C_Receptacle_USB2.0,smt
76.435,-62.745,-90.0,bottom,J2,,,PinHeader_2x02_P2.54mm_Vertical,THD-02-R,tht
85.0,-78.19,90.0,top,J3,1-1602FBV0T,,PinHeader_2x08_P2.54mm_Vertical,Conn_02x08,tht
80.0,-51.5,0.0,top,J4,,,SDCARD_MOLEX_503398-1892,Micro_SD_Card_Det,smt
107.77,-43.48,0.0,top,J5,,,JST_SH_BM04B-SRSS-TB_1x04-1MP_P1.00mm_Vertical,JST_SHBM04B-SRSS-TB,smt
80.0,-46.69,0.0,bottom,J6,,,Hirose_FH12-22S-0.5SH_1x22-1MP_P0.50mm_Horizontal,Conn_01x22_Female,smt
137.5,-60.0,90.0,bottom,J7,,,M.2 M Key socket,Bus_M.2_Socket_M,tht
153.45,-61.9,180.0,bottom,L1,,,L_Bourns_SRP5030CC,2.2uH,smt
170.0,-80.0,90.0,top,Module1,,,Raspberry-Pi-4-Compute-Module,ComputeModule4-CM4,smt
66.13,-48.925001,0.0,top,R1,RC0603FR-075K1L,,R_0603_1608Metric_Pad0.98x0.95mm_HandSolder,5.1k,smt
158.97,-62.12,0.0,bottom,R10,,,R_0402_1005Metric,100K 1%,smt
147.57,-51.22,0.0,bottom,R11,,,R_0402_1005Metric,2.2K 1%,smt
66.1,-45.745001,0.0,top,R2,RC0603FR-075K1L,,R_0603_1608Metric_Pad0.98x0.95mm_HandSolder,5.1k,smt
91.18,-42.33,90.0,top,R3,,,R_0402_1005Metric,1k,smt
55.41,-60.97,0.0,top,R4,,,R_0402_1005Metric,470R,smt
52.54,-60.98,0.0,top,R5,,,R_0402_1005Metric,470R,smt
91.21,-44.22,90.0,top,R6,,,R_0402_1005Metric,1k,smt
101.37,-44.76,180.0,top,R7,,,R_0402_1005Metric,36K 1%,smt
146.93,-67.53,0.0,bottom,R8,,,R_0402_1005Metric,1k,smt
147.57,-52.84,180.0,bottom,R9,,,R_0402_1005Metric,10K 1%,smt
78.6175,-73.2875,180.0,top,U1,,,USON-10_2.5x1.0mm_P0.5mm,TPD4EUSB30,smt
78.6025,-69.8075,180.0,top,U2,,,USON-10_2.5x1.0mm_P0.5mm,TPD4EUSB30,smt
61.3525,-70.52,-90.0,top,U3,,,TRJG0926HENL,MagJack-A70-112-331N126,tht
91.59,-47.22,180.0,top,U4,,,SOT-353_SC-70-5,74LVC1G07SE-7,smt
89.61,-57.08,0.0,top,U5,,,SOT-23-5,RT9742GGJ5,smt
106.96,-49.75,180.0,top,U6,,,MSOP-8_3x3mm_P0.65mm,EMC2301-1-ACZL-TR,smt
152.23,-55.3,0.0,bottom,U7,,,Crystal_SMD_3225-4Pin_3.2x2.5mm,ASEK-32.768KHZ-L-R-T,smt
152.0875,-49.8225,0.0,bottom,U8,,,DFN-8-1EP_2x2mm_P0.5mm_EP1.05x1.75mm,AP3441SHE-7B,smt
