﻿Designator,Quantity,Value,Footprint,Package,MPN,DNP,Mount_Type,Description,Field4,Field5,Field6,Field7,Field8,Part Description,Specifications,Manufacturer,Digi-Key_PN
C1,1,10u,C_0402_1005Metric,,,,smt,Unpolarized capacitor,Farnell,2611911,RM EMK105 B7104KV-F,TAIYO YUDEN EUROPE GMBH,110091611,	0.1uF 10% 16V Ceramic Capacitor X7R 0402 (1005 Metric),,,
"C10, C11, C12, C13, C3, C6, C7",7,10u,C_0805_2012Metric,,,,smt,Unpolarized capacitor,Digikey,490-14381-1-ND,GRM21BR71A106KA73L,Murata,111893011,	10uF 10% 10V Ceramic Capacitor X7R 0805 (2012 Metric),,,
"C2, C4, C5, C8",4,100n,C_0402_1005Metric,,,,smt,Unpolarized capacitor,Farnell,2611911,RM EMK105 B7104KV-F,TAIYO YUDEN EUROPE GMBH,110091611,	0.1uF 10% 16V Ceramic Capacitor X7R 0402 (1005 Metric),,,
C9,1,4.7nF,C_0402_1005Metric,,,,smt,Unpolarized capacitor,Farnell,2611911,RM EMK105 B7104KV-F,TAIYO YUDEN EUROPE GMBH,110091611,4.7nF capacitor 0402,,,
"D1, D3",2,LED Green,LED_0603_1608Metric,,,,smt,Light emitting diode,Digikey ,LTST-S270KGKT,SML-A12M8TT86N,Rohm,650263301,"	Green 572nm LED Indication - Discrete 2.2V 2-SMD, No Lead",,,
D2,1,LED Red,LED_0603_1608Metric,,,,smt,Light emitting diode,Digikey ,	LTST-S270KRKT,SML-A12U8TT86Q,Rohm,650295101,"	Red 620nm LED Indication - Discrete 2.2V 2-SMD, No Lead",,,
J1,1,USB_C_Receptacle_USB2.0,USB_C_Receptacle_GCT_USB4105-xx-A_16P_TopMnt_Horizontal,,,,smt,USB 2.0-only 16P Type-C Receptacle connector,,USBF31-0171,USBF31-0171,MTCONN,,USBC USB2 data and power connector,,,
J2,1,THD-02-R,PinHeader_2x02_P2.54mm_Vertical,,,,tht,"Generic connector, double row, 02x02, odd/even pin numbering scheme (row 1 odd numbers, row 2 even numbers), script generated (kicad-library-utils/schlib/autogen/connector/)",Toby,THD-02-R,151-604-425-761,EDAC,UCON00791,PinHeader_2x02_P2.54mm_Vertical,,,
J3,1,Conn_02x08,PinHeader_2x08_P2.54mm_Vertical,,1-1602FBV0T,,tht,HEADER 2x8 MALE PINS 0.100” 180deg,,,,,,,"Header, Male Pins, 2*8, spacing 2.54mm, straight pin",TAD,
J4,1,Micro_SD_Card_Det,SDCARD_MOLEX_503398-1892,,,,smt,Micro SD Card Socket with two card detection pins,Farnell,2358234,503398-1892,Molex,UCON00512,"9 (8 + 1) Position Card Connector microSD™ Surface Mount, Right Angle Gold",,,
J5,1,JST_SHBM04B-SRSS-TB,JST_SH_BM04B-SRSS-TB_1x04-1MP_P1.00mm_Vertical,,,,smt,"Generic connector, single row, 01x04, script generated (kicad-library-utils/schlib/autogen/connector/)",,SHBM04B-SRSS-TB,SHBM04B-SRSS-TB,JST,,4 pin vertical 1mm pitch connector,,,
J6,1,Conn_01x22_Female,Hirose_FH12-22S-0.5SH_1x22-1MP_P0.50mm_Horizontal,,,,smt,"Generic connector, single row, 01x22, script generated",Mouser,798-FH12-22S-0.5SH55,FH12-22S-0.5SH55,Hirose,,"22 Position FFC, FPC Connector Contacts, Bottom 0.020"" (0.50mm) Surface Mount, Right Angle",,,
J7,1,Bus_M.2_Socket_M,M.2 M Key socket,,,,tht,M.2 Socket 3 Mechanical Key M,,MTSSD03-67MSW337,MTSSD03-67MSW337,MTCONN,,M.2 M Key connector,,,
L1,1,2.2uH,L_Bourns_SRP5030CC,,,,smt,Inductor,,SRP5030CC-2R2M,SRP5030CC-2R2M,Bourns,,"Inductor, SMT, 2520, 2u2, IRMS=7A, ISAT=8A, DCR=0.032R",,,
Module1,1,ComputeModule4-CM4,Raspberry-Pi-4-Compute-Module,,,,smt,,Hirose,2x DF40C-100DS-0.4V,,,,,,,
"R1, R2",2,5.1k,R_0603_1608Metric_Pad0.98x0.95mm_HandSolder,,RC0603FR-075K1L,,smt,Resistor,,,,,,,,Yageo,311-5.10KHRCT-ND
R10,1,100K 1%,R_0402_1005Metric,,,,smt,Resistor,Farnell,,MCR01MZPF1003,Rohm,,Resistor 100K M1005 1% 63mW,,,
R11,1,2.2K 1%,R_0402_1005Metric,,,,smt,Resistor,Farnell,9239235,,,125049511,Resistor 2.2K M1005 1% 63mW,,,
"R3, R6, R8",3,1k,R_0402_1005Metric,,,,smt,Resistor,Farnell,9239235,RK73H1ETTP1001F,KOA EUROPE GMBH,125049511,Resistor 1K M1005 1% 63mW,,,
"R4, R5",2,470R,R_0402_1005Metric,,,,smt,Resistor,Farnell,9239197,RK73G1ETQTP4700D         ,KOA EUROPE GMBH,120887981,Resistor 470R M1005 1% 63mW,,,
R7,1,36K 1%,R_0402_1005Metric,,,,smt,Resistor,Farnell,1458788,MCR01MZPF3602,Rohm,125049511,Resistor 36K M1005 1% 63mW,,,
R9,1,10K 1%,R_0402_1005Metric,,,,smt,Resistor,Farnell,,MCR01MZPF1002,Rohm,125049511,Resistor 10K M1005 1% 63mW,,,
"U1, U2",2,TPD4EUSB30,USON-10_2.5x1.0mm_P0.5mm,,,,smt,"4-Channel ESD Protection for Super-Speed USB 3.0 Interface, USON-10",Farnell,2335455,CDDFN10-3324P-13,Bourns,UDIO00346,"Quad TVS diode for high speed signals (USB3, GigE etc.)",,,
U3,1,MagJack-A70-112-331N126,TRJG0926HENL,,,,tht,,,,,,,,,,
U4,1,74LVC1G07SE-7,SOT-353_SC-70-5,,,,smt,"Single Buffer Gate w/ Open Drain, Low-Voltage CMOS",Farnell,2425492,74LVC1G07SE-7,Diodes,,"Buffer, Non-Inverting 1 Element 1 Bit per Element Open Drain Output SOT-353",,,
U5,1,RT9742GGJ5,SOT-23-5,,,,smt,1A load switch,Farnell,	2545875,RT9742GGJ5,RichTek,USWI00166,	Power Switch/Driver 1:1 N-Channel 1A TSOT-23-5,,,
U6,1,EMC2301-1-ACZL-TR,MSOP-8_3x3mm_P0.65mm,,,,smt,,Digikey,EMC2301-1-ACZL-CT-ND,EMC2301-1-ACZL-TR,Microchip,,Motor Driver PWM 8-MSOP,,,
U7,1,ASEK-32.768KHZ-L-R-T,Crystal_SMD_3225-4Pin_3.2x2.5mm,,,,smt,,,ASEK-32.768KHZ-L-R-T,ASEK-32.768KHZ-L-R-T,abracon,,32KHz Xtal oscilator,,,
U8,1,AP3441SHE-7B,DFN-8-1EP_2x2mm_P0.5mm_EP1.05x1.75mm,,,,smt,,,AP3441SHE-7B,AP3441SHE-7B,Diodes,,3A DC-DC converter,,,
