﻿pos_x,pos_y,rotation,side,designator,mpn,pack,footprint,value,mount_type
68.975,-54.475,0.0,top,C1,,,C_0402_1005Metric,100n,smt
148.075,-57.175,180.0,bottom,C10,,,C_0805_2012Metric,10u,smt
148.075,-60.4,180.0,bottom,C11,,,C_0805_2012Metric,10u,smt
148.075,-63.625,180.0,bottom,C12,,,C_0805_2012Metric,10u,smt
148.075,-66.875,180.0,bottom,C13,,,C_0805_2012Metric,10u,smt
68.925,-56.725,0.0,top,C2,,,C_0402_1005Metric,100n,smt
74.6,-66.475,0.0,top,C3,,,C_0402_1005Metric,100n,smt
96.275,-42.2,0.0,top,C4,,,C_0805_2012Metric,10u,smt
148.05,-54.275,180.0,bottom,C5,,,C_0402_1005Metric,100n,smt
159.175,-60.7,180.0,bottom,C6,,,C_0805_2012Metric,10u,smt
159.175,-63.71,180.0,bottom,C7,,,C_0805_2012Metric,10u,smt
159.24,-66.42,180.0,bottom,C8,,,C_0402_1005Metric,100n,smt
148.025,-52.05,180.0,bottom,C9,,,C_0402_1005Metric,4.7nF,smt
105.0,-46.01,180.0,bottom,D1,,,LED_0603_1608Metric,LED Green,smt
154.875,-72.2,-90.0,bottom,D2,,,LED_0603_1608Metric,LED Red,smt
153.15,-63.625,180.0,bottom,D3,,,LED_0603_1608Metric,LED Green,smt
54.225,-54.95,-90.0,top,J1,,,USB_C_Receptacle_GCT_USB4105-xx-A_16P_TopMnt_Horizontal,USB_C_Receptacle_USB2.0,smt
76.475,-60.525,-90.0,bottom,J2,,,PinHeader_2x02_P2.54mm_Vertical,THD-02-R,tht
84.675,-49.4,0.0,top,J3,,,SDCARD_MOLEX_503398-1892,Micro_SD_Card_Det,smt
106.075,-42.1,90.0,top,J4,,,PinHeader_1x03_P2.54mm_Vertical,Conn_01x03,tht
67.975,-42.65,0.0,top,J5,,,JST_SH_BM04B-SRSS-TB_1x04-1MP_P1.00mm_Vertical,JST_SHBM04B-SRSS-TB,smt
87.675,-78.2,90.0,top,J6,,,PinHeader_2x07_P2.54mm_Vertical,Conn_02x07_Odd_Even,tht
84.9,-44.975,0.0,bottom,J7,,,Hirose_FH12-22S-0.5SH_1x22-1MP_P0.50mm_Horizontal,Conn_01x22_Female,smt
137.5,-60.0,90.0,bottom,J8,,,M.2 M Key socket,Bus_M.2_Socket_M,tht
153.7,-57.175,180.0,bottom,L1,,,L_Bourns_SRP5030CC,2.2uH,smt
166.475,-76.5,90.0,top,Module1,,,Raspberry-Pi-5-Compute-Module,ComputeModule5-CM5,smt
69.025,-52.225,0.0,top,R1,,,R_0402_1005Metric,2.2K 1%,smt
107.47,-46.01,0.0,bottom,R2,,,R_0402_1005Metric,1k,smt
56.65,-61.825,0.0,top,R3,,,R_0402_1005Metric,470R,smt
54.75,-61.825,0.0,top,R4,,,R_0402_1005Metric,470R,smt
156.125,-70.9,90.0,bottom,R5,,,R_0402_1005Metric,1k,smt
153.425,-66.325,180.0,bottom,R6,,,R_0402_1005Metric,1k,smt
148.05,-49.725,180.0,bottom,R7,,,R_0402_1005Metric,10K 1%,smt
158.925,-53.875,180.0,bottom,R8,,,R_0402_1005Metric,100K 1%,smt
146.125,-49.725,180.0,bottom,R9,,,R_0402_1005Metric,2.2K 1%,smt
52.8125,-47.05,90.0,top,SW1,,,SW_Tactile_SPST_Angled_PTS645Vx58-2LFS,Right angle Tact button,tht
78.2,-72.57,180.0,top,U1,,,USON-10_2.5x1.0mm_P0.5mm,TPD4EUSB30,smt
78.1875,-69.3875,180.0,top,U2,,,USON-10_2.5x1.0mm_P0.5mm,TPD4EUSB30,smt
61.375,-70.575,-90.0,top,U3,,,TRJG0926HENL,MagJack-A70-112-331N126,tht
154.215,-69.09,-90.0,bottom,U4,,,SOT-353_SC-70-5,74LVC1G07SE-7,smt
96.4,-46.9625,0.0,top,U5,,,SOT-23-5,RT9742GGJ5,smt
153.925,-51.0,0.0,bottom,U6,,,Crystal_SMD_3225-4Pin_3.2x2.5mm,ASEK-32.768KHZ-L-R-T,smt
159.2,-56.925,180.0,bottom,U7,,,DFN-8-1EP_2x2mm_P0.5mm_EP1.05x1.75mm,AP3441SHE-7B,smt
