﻿Designator,Quantity,Value,Footprint,Package,MPN,DNP,Mount_Type,Field4,Field5,Field6,Field7,Field8,Part Description,Description
"C1, C2, C3, C5, C8",5,100n,C_0402_1005Metric,,,,smt,Farnell,2611911,RM EMK105 B7104KV-F,TAIYO YUDEN EUROPE GMBH,110091611,	0.1uF 10% 16V Ceramic Capacitor X7R 0402 (1005 Metric),
"C10, C11, C12, C13, C4, C6, C7",7,10u,C_0805_2012Metric,,,,smt,Digikey,490-14381-1-ND,GRM21BR71A106KA73L,Murata,111893011,	10uF 10% 10V Ceramic Capacitor X7R 0805 (2012 Metric),
C9,1,4.7nF,C_0402_1005Metric,,,,smt,,,,,,4.7nF capacitor 0402,
"D1, D3",2,LED Green,LED_0603_1608Metric,,,,smt,Digikey ,LTST-S270KGKT,SML-A12M8TT86N,Rohm,650263301,"	Green 572nm LED Indication - Discrete 2.2V 2-SMD, No Lead",
D2,1,LED Red,LED_0603_1608Metric,,,,smt,Digikey ,	LTST-S270KRKT,SML-A12U8TT86Q,Rohm,650295101,"	Red 620nm LED Indication - Discrete 2.2V 2-SMD, No Lead",
J1,1,USB_C_Receptacle_USB2.0,USB_C_Receptacle_GCT_USB4105-xx-A_16P_TopMnt_Horizontal,,,,smt,,USBF31-0171,USBF31-0171,MTCONN,,USBC USB2 data and power connector,
J2,1,THD-02-R,PinHeader_2x02_P2.54mm_Vertical,,,,tht,Toby,THD-02-R,151-604-425-761,EDAC,UCON00791,PinHeader_2x02_P2.54mm_Vertical,
J3,1,Micro_SD_Card_Det,SDCARD_MOLEX_503398-1892,,,,smt,Farnell,2358234,503398-1892,Molex,UCON00512,"9 (8 + 1) Position Card Connector microSD™ Surface Mount, Right Angle Gold",
J5,1,JST_SHBM04B-SRSS-TB,JST_SH_BM04B-SRSS-TB_1x04-1MP_P1.00mm_Vertical,,,,smt,,SHBM04B-SRSS-TB,SHBM04B-SRSS-TB,JST,,4 pin vertical 1mm pitch connector,
J6,1,Conn_02x07_Odd_Even,PinHeader_2x07_P2.54mm_Vertical,,,,tht,Toby,THD-07-R,THD-07-R,Toby,,PinHeader_2x07_P2.54mm_Vertical,
J7,1,Conn_01x22_Female,Hirose_FH12-22S-0.5SH_1x22-1MP_P0.50mm_Horizontal,,,,smt,Mouser,798-FH12-22S-0.5SH55,FH12-22S-0.5SH55,Hirose,,"22 Position FFC, FPC Connector Contacts, Bottom 0.020"" (0.50mm) Surface Mount, Right Angle",
J8,1,Bus_M.2_Socket_M,M.2 M Key socket,,,,tht,,MTSSD03-67MSW337,MTSSD03-67MSW337,MTCONN,,M.2 M Key connector,M.2 Socket 3 Mechanical Key M
L1,1,2.2uH,L_Bourns_SRP5030CC,,,,smt,,SRP5030CC-2R2M,SRP5030CC-2R2M,Bourns,,"Inductor, SMT, 2520, 2u2, IRMS=7A, ISAT=8A, DCR=0.032R",
Module1,1,ComputeModule5-CM5,Raspberry-Pi-5-Compute-Module,,,,smt,Amphenol,2x 10164227-1001A1RLF,2x 10164227-1001A1RLF,Hirose,,"	100 Position Connector Receptacle, Center Strip Contacts Surface Mount Gold",RaspberryPi Compute module 5
"R1, R9",2,2.2K 1%,R_0402_1005Metric,,,,smt,Farnell,,,,,Resistor 2.2K M1005 1% 63mW,
"R2, R5, R6",3,1k,R_0402_1005Metric,,,,smt,Farnell,9239235,RK73H1ETTP1001F,KOA EUROPE GMBH,125049511,Resistor 1K M1005 1% 63mW,
"R3, R4",2,470R,R_0402_1005Metric,,,,smt,Farnell,9239197,RK73G1ETQTP4700D         ,KOA EUROPE GMBH,120887981,Resistor 470R M1005 1% 63mW,
R7,1,10K 1%,R_0402_1005Metric,,,,smt,Farnell,,MCR01MZPF1002,Rohm,,Resistor 10K M1005 1% 63mW,
R8,1,100K 1%,R_0402_1005Metric,,,,smt,Farnell,,MCR01MZPF1003,Rohm,,Resistor 100K M1005 1% 63mW,
SW1,1,Right angle Tact button,SW_Tactile_SPST_Angled_PTS645Vx58-2LFS,,,,tht,,PTS645VH58-2LFS,PTS645VH58-2LFS,CK,,Right angle through hole Tact switch,"Push button switch, generic, two pins"
"U1, U2",2,TPD4EUSB30,USON-10_2.5x1.0mm_P0.5mm,,,,smt,Farnell,2335455,CDDFN10-3324P-13,Bourns,UDIO00346,"Quad TVS diode for high speed signals (USB3, GigE etc.)",
U3,1,MagJack-A70-112-331N126,TRJG0926HENL,,,,tht,,TRJG0926HENL,TRJG0926HENL,Trxcon,UCON00900,Gigabit Ethernet Magjack,
U4,1,74LVC1G07SE-7,SOT-353_SC-70-5,,,,smt,Farnell,2425492,74LVC1G07SE-7,Diodes,,"Buffer, Non-Inverting 1 Element 1 Bit per Element Open Drain Output SOT-353",
U5,1,RT9742GGJ5,SOT-23-5,,,,smt,Farnell,	2545875,RT9742GGJ5,RichTek,USWI00166,	Power Switch/Driver 1:1 N-Channel 1A TSOT-23-5,
U6,1,ASEK-32.768KHZ-L-R-T,Crystal_SMD_3225-4Pin_3.2x2.5mm,,,,smt,,ASEK-32.768KHZ-L-R-T,ASEK-32.768KHZ-L-R-T,abracon,,32KHz Xtal oscilator,
U7,1,AP3441SHE-7B,DFN-8-1EP_2x2mm_P0.5mm_EP1.05x1.75mm,,,,smt,,AP3441SHE-7B,AP3441SHE-7B,Diodes,,3A DC-DC converter,
