﻿pos_x,pos_y,rotation,side,designator,mpn,pack,footprint,value,mount_type
96.5,-64.6,-90.0,top,C1,,,C_0402_1005Metric,100n,smt
135.34,-67.33,180.0,bottom,C10,,,C_0805_2012Metric,10u,smt
135.35,-69.9,180.0,bottom,C11,,,C_0402_1005Metric,100n,smt
135.38,-72.64,180.0,bottom,C12,,,C_0805_2012Metric,10u,smt
135.38,-75.75,180.0,bottom,C13,,,C_0805_2012Metric,10u,smt
60.65,-55.92,180.0,bottom,C2,,,C_0805_2012Metric,10u,smt
62.75,-74.75,90.0,top,C3,,,C_0402_1005Metric,100n,smt
52.16,-52.45,90.0,top,C4,,,C_0805_2012Metric,10u,smt
148.01,-76.56,0.0,bottom,C5,,,C_0805_2012Metric,10u,smt
148.01,-73.55,0.0,bottom,C6,,,C_0805_2012Metric,10u,smt
148.01,-70.89,0.0,bottom,C7,,,C_0402_1005Metric,100n,smt
135.32,-59.29,180.0,bottom,C8,,,C_0402_1005Metric,4.7nF,smt
135.34,-64.22,180.0,bottom,C9,,,C_0805_2012Metric,10u,smt
83.35,-54.08,0.0,top,D1,,,LED_0603_1608Metric,LED Red,smt
83.35,-56.98,0.0,top,D2,,,LED_0603_1608Metric,LED Green,smt
135.38,-78.67,0.0,bottom,D3,,,LED_0603_1608Metric,LED Green,smt
74.605,-87.0,90.0,top,J1,,,PinHeader_1x03_P2.54mm_Vertical,Conn_01x03,tht
84.63,-87.0,90.0,top,J2,,,PinHeader_1x03_P2.54mm_Vertical,Conn_01x03,tht
94.47,-87.0,90.0,top,J3,,,PinHeader_1x04_P2.54mm_Vertical,Conn_01x04,tht
70.0,-60.0,180.0,bottom,J4,,,SDCARD_MOLEX_503398-1892,Micro_SD_Card_Det,tht
68.785,-73.855,-90.0,bottom,J5,,,PinHeader_2x02_P2.54mm_Vertical,THD-02-R,tht
90.0,-55.25,0.0,top,J6,,,FanPinHeader_1x04_P2.54mm_Vertical,Molex 470531000,tht
43.0,-55.75,-90.0,top,J7,,,GCT_USB4105-GF-A,USB4105-GF-A,smt
43.0,-66.0,-90.0,top,J8,10103594-0001LF,,USB_Micro-B_EDAC_UCON00686,USB_OTG,smt
123.0,-70.0,90.0,bottom,J9,,,M.2 M Key socket,Bus_M.2_Socket_M,tht
140.72,-73.5925,180.0,bottom,L1,,,L_Bourns_SRP5030CC,2.2uH,smt
160.0,-90.0,90.0,top,Module1,,,Raspberry-Pi-4-Compute-Module,ComputeModule4-CM4,smt
73.725,-84.7,0.0,top,R1,,,R_0402_1005Metric,NC,smt
149.71,-82.07,90.0,bottom,R10,,,R_0402_1005Metric,NC,smt
58.0,-59.55,-90.0,bottom,R11,,,R_0402_1005Metric,12K 1%,smt
48.79,-63.83,90.0,top,R12,RC0603FR-072K2L,,R_0603_1608Metric_Pad0.98x0.95mm_HandSolder,2.2K 1%,smt
51.47,-63.83,90.0,top,R13,RC0603FR-072K2L,,R_0603_1608Metric_Pad0.98x0.95mm_HandSolder,2.2K 1%,smt
55.22,-54.55,0.0,top,R14,RC0603FR-075K1L,,R_0603_1608Metric_Pad0.98x0.95mm_HandSolder,5.1k,smt
55.2,-57.39,0.0,top,R15,RC0603FR-075K1L,,R_0603_1608Metric_Pad0.98x0.95mm_HandSolder,5.1k,smt
79.25,-53.35,-90.0,top,R16,,,R_0402_1005Metric,1k,smt
82.05,-58.26,180.0,top,R17,,,R_0402_1005Metric,1k,smt
148.01,-68.62,0.0,bottom,R18,,,R_0402_1005Metric,100K 1%,smt
135.32,-61.54,180.0,bottom,R19,,,R_0402_1005Metric,10K 1%,smt
152.07,-84.47,90.0,bottom,R2,,,R_0402_1005Metric,NC,smt
135.27,-57.08,0.0,bottom,R20,,,R_0402_1005Metric,2.2K 1%,smt
133.28,-78.83,-90.0,bottom,R21,,,R_0402_1005Metric,1k,smt
149.71,-84.47,90.0,bottom,R3,,,R_0402_1005Metric,NC,smt
70.04,-68.0,0.0,bottom,R4,,,R_0402_1005Metric,nf,smt
74.42,-68.0,0.0,bottom,R5,,,R_0402_1005Metric,nf,smt
96.5,-62.75,-90.0,top,R6,,,R_0402_1005Metric,36K 1%,smt
50.58,-71.27,90.0,top,R7,,,R_0402_1005Metric,470R,smt
52.2,-71.28,90.0,top,R8,,,R_0402_1005Metric,470R,smt
152.07,-82.07,90.0,bottom,R9,,,R_0402_1005Metric,NC,smt
94.0,-62.5,90.0,top,U1,,,MSOP-8_3x3mm_P0.65mm,EMC2301-1-ACZL-TR,smt
60.61,-59.72,180.0,bottom,U2,,,SOT-23-5,RT9742GGJ5,smt
51.25,-80.51,-90.0,top,U3,,,TRJG0926HENL,MagJack-A70-112-331N126,tht
50.66,-66.41,90.0,top,U4,TPD2EUSB30DRTR,,Texas_DRT-3,TPD2EUSB30,smt
78.64,-56.0475,0.0,top,U5,,,SOT-353_SC-70-5,74LVC1G07SE-7,smt
145.25,-66.57,-90.0,bottom,U6,,,DFN-8-1EP_2x2mm_P0.5mm_EP1.05x1.75mm,AP3441SHE-7B,smt
139.79,-67.6,0.0,bottom,U7,,,Crystal_SMD_3225-4Pin_3.2x2.5mm,ASEK-32.768KHZ-L-R-T,smt
