﻿pos_x,pos_y,rotation,side,designator,mpn,pack,footprint,value,mount_type
79.65,-63.65,-90.0,top,C1,,,C_0402_1005Metric,100n,smt
147.575,-75.525,-90.0,top,C2,,,C_0805_2012Metric,10u,smt
52.375,-59.9,0.0,top,C3,,,C_0805_2012Metric,10u,smt
65.8,-84.775,0.0,top,C4,,,C_0402_1005Metric,100n,smt
152.4375,-72.875,0.0,top,D1,,,LED_0603_1608Metric,LED Red,smt
154.0625,-69.7,-90.0,top,D2,,,LED_0603_1608Metric,LED Green,smt
67.355,-53.2,0.0,top,J1,,,FanPinHeader_1x04_P2.54mm_Vertical,Molex 470531000,tht
42.5,-65.025,-90.0,top,J2,10103594-0001LF,,USB_Micro-B_EDAC_UCON00686,USB_OTG,smt
151.4,-59.675,180.0,top,J3,,,SDCARD_MOLEX_503398-1892,Micro_SD_Card_Det,tht
42.9,-55.095,-90.0,top,J4,,,GCT_USB4105-GF-A,USB4105-GF-A,smt
145.525,-80.725,0.0,top,J5,,,PinHeader_1x03_P2.54mm_Vertical,Conn_01x03,tht
149.85,-80.75,0.0,top,J6,,,PinHeader_1x03_P2.54mm_Vertical,Conn_01x03,tht
70.575,-70.7,0.0,top,J7,,,PinHeader_2x02_P2.54mm_Vertical,THD-02-R,tht
141.074874,-89.975,90.0,top,Module1,,,Raspberry-Pi-4-Compute-Module,ComputeModule4-CM4,smt
79.65,-61.525,-90.0,top,R1,,,R_0402_1005Metric,36K 1%,smt
150.2625,-72.35,90.0,top,R10,,,R_0402_1005Metric,1k,smt
77.775,-79.275,180.0,top,R11,,,R_0402_1005Metric,NC,smt
156.7625,-69.425,-90.0,top,R12,,,R_0402_1005Metric,1k,smt
77.875,-77.075,180.0,top,R13,,,R_0402_1005Metric,NC,smt
45.1,-70.825,0.0,top,R14,,,R_0402_1005Metric,470R,smt
49.25,-70.625,0.0,top,R15,,,R_0402_1005Metric,470R,smt
156.625,-76.125,0.0,top,R16,,,R_0402_1005Metric,NC,smt
156.65,-73.9,0.0,top,R17,,,R_0402_1005Metric,NC,smt
52.425,-63.725,0.0,top,R2,RC0603FR-072K2L,,R_0603_1608Metric_Pad0.98x0.95mm_HandSolder,2.2K 1%,smt
52.425,-66.235,0.0,top,R3,RC0603FR-072K2L,,R_0603_1608Metric_Pad0.98x0.95mm_HandSolder,2.2K 1%,smt
143.875,-57.075,90.0,top,R4,,,R_0402_1005Metric,NC,smt
143.9,-58.95,90.0,top,R5,,,R_0402_1005Metric,NC,smt
52.4,-53.725,0.0,top,R6,RC0603FR-075K1L,,R_0603_1608Metric_Pad0.98x0.95mm_HandSolder,5.1k,smt
52.25,-56.45,0.0,top,R7,RC0603FR-075K1L,,R_0603_1608Metric_Pad0.98x0.95mm_HandSolder,5.1k,smt
145.3,-75.15,180.0,top,R8,,,R_0402_1005Metric,12K 1%,smt
155.75,-80.3,-90.0,top,R9,,,R_0402_1005Metric,NC,smt
48.2625,-64.9475,90.0,top,U1,TPD2EUSB30DRTR,,Texas_DRT-3,TPD2EUSB30,smt
77.4,-61.5,90.0,top,U2,,,MSOP-8_3x3mm_P0.65mm,EMC2301-1-ACZL-TR,smt
146.875,-71.8375,180.0,top,U3,,,SOT-23-5,RT9742GGJ5,smt
156.4125,-83.65,90.0,top,U4,,,SOT-353_SC-70-5,74LVC1G07SE-7,smt
51.2375,-80.725,-90.0,top,U5,,,TRJG0926HENL,MagJack-A70-112-331N126,tht
