﻿Designator,Quantity,Value,Footprint,Package,MPN,DNP,Mount_Type,Field4,Field5,Field6,Field7,Part Description,Field8,Description,Manufacturer,Digi-Key_PN,PARTREV,STANDARD,MAXIMUM_PACKAGE_HEIGHT,MANUFACTURER
"C1, C4",2,100n,C_0402_1005Metric,,,,smt,Farnell,2611911,RM EMK105 B7104KV-F,TAIYO YUDEN EUROPE GMBH,	0.1uF 10% 16V Ceramic Capacitor X7R 0402 (1005 Metric),110091611,,,,,,,
"C2, C3",2,10u,C_0805_2012Metric,,,,smt,Digikey,490-14381-1-ND,GRM21BR71A106KA73L,Murata,	10uF 10% 10V Ceramic Capacitor X7R 0805 (2012 Metric),111893011,,,,,,,
D1,1,LED Red,LED_0603_1608Metric,,,,smt,Digikey ,	LTST-S270KRKT,SML-A12U8TT86Q,Rohm,"	Red 620nm LED Indication - Discrete 2.2V 2-SMD, No Lead",650295101,,,,,,,
D2,1,LED Green,LED_0603_1608Metric,,,,smt,Digikey ,LTST-S270KGKT,SML-A12M8TT86N,Rohm,"	Green 572nm LED Indication - Discrete 2.2V 2-SMD, No Lead",650263301,,,,,,,
J1,1,Molex 470531000,FanPinHeader_1x04_P2.54mm_Vertical,,,,tht,Farnell,	2313705,470531000,Molex,"	Connector Header Through Hole 4 position 0.100"" (2.54mm)",,"Generic connector, single row, 01x04, script generated (kicad-library-utils/schlib/autogen/connector/)",,,,,,
J2,1,USB_OTG,USB_Micro-B_EDAC_UCON00686,,10103594-0001LF,,smt,,,,,,,,Amphenol ICC (FCI),609-4050-1-ND,,,,
J3,1,Micro_SD_Card_Det,SDCARD_MOLEX_503398-1892,,,,tht,Farnell,2358234,503398-1892,Molex,"9 (8 + 1) Position Card Connector microSD™ Surface Mount, Right Angle Gold",UCON00512,,,,,,,
J4,1,USB4105-GF-A,GCT_USB4105-GF-A,,,,smt,,,,,,,,,,B4,Manufacturer Recommendations,3.31 mm,GCT
"J5, J6",2,Conn_01x03,PinHeader_1x03_P2.54mm_Vertical,,,,tht,nf,nf,nf,nf,"3pin 0.1"" connector",,,,,,,,
J7,1,THD-02-R,PinHeader_2x02_P2.54mm_Vertical,,,,tht,Toby,THD-02-R,151-604-425-761,EDAC,PinHeader_2x02_P2.54mm_Vertical,UCON00791,,,,,,,
Module1,1,ComputeModule4-CM4,Raspberry-Pi-4-Compute-Module,,,,smt,Hirose,2x DF40C-100DS-0.4V,,,,,,,,,,,
R1,1,36K 1%,R_0402_1005Metric,,,,smt,Farnell,1458788,MCR01MZPF3602,Rohm,Resistor 36K M1005 1% 63mW,,,,,,,,
"R10, R12",2,1k,R_0402_1005Metric,,,,smt,Farnell,9239235,RK73H1ETTP1001F,KOA EUROPE GMBH,Resistor 1K M1005 1% 63mW,125049511,,,,,,,
"R11, R13, R16, R17, R4, R5, R9",7,NC,R_0402_1005Metric,,,,smt,Farnell,"[R9]9239278; [R4,R5]9239235","[R9]RK73G1ETQTP2201D         ; [R4,R5]RK73H1ETTP1001F",KOA EUROPE GMBH,"[R9]Resistor 2.2K M1005 1% 63mW; [R4,R5]Resistor 1K M1005 1% 63mW","[R9]120889581; [R4,R5]125049511",,,,,,,
"R14, R15",2,470R,R_0402_1005Metric,,,,smt,Farnell,9239197,RK73G1ETQTP4700D         ,KOA EUROPE GMBH,Resistor 470R M1005 1% 63mW,120887981,,,,,,,
"R2, R3",2,2.2K 1%,R_0603_1608Metric_Pad0.98x0.95mm_HandSolder,,RC0603FR-072K2L,,smt,,,,,,,,Yageo,311-2.20KHRCT-ND,,,,
"R6, R7",2,5.1k,R_0603_1608Metric_Pad0.98x0.95mm_HandSolder,,RC0603FR-075K1L,,smt,,,,,,,,Yageo,311-5.10KHRCT-ND,,,,
R8,1,12K 1%,R_0402_1005Metric,,,,smt,Farnell,9239367,MCR01MZPF1202,Rohm,Resistor 12K M1005 1% 63mW,,,,,,,,
U1,1,TPD2EUSB30,Texas_DRT-3,,TPD2EUSB30DRTR,,smt,,,,,,,,Texas Instruments,296-25509-1-ND,,,,
U2,1,EMC2301-1-ACZL-TR,MSOP-8_3x3mm_P0.65mm,,,,smt,Digikey,EMC2301-1-ACZL-CT-ND,EMC2301-1-ACZL-TR,Microchip,Motor Driver PWM 8-MSOP,,,,,,,,
U3,1,RT9742GGJ5,SOT-23-5,,,,smt,Farnell,	2545875,RT9742GGJ5,RichTek,	Power Switch/Driver 1:1 N-Channel 1A TSOT-23-5,USWI00166,,,,,,,
U4,1,74LVC1G07SE-7,SOT-353_SC-70-5,,,,smt,Farnell,2425492,74LVC1G07SE-7,Diodes,"Buffer, Non-Inverting 1 Element 1 Bit per Element Open Drain Output SOT-353",,,,,,,,
U5,1,MagJack-A70-112-331N126,TRJG0926HENL,,,,tht,,,TRJG0926HENL,Trxcon,Gigabit Ethernet Magjack,UCON00900,,,,,,,
